{"count":1,"self":10458.631372799999,"total":59407.3925523,"children":{"InitializeActuators":{"count":9,"self":0.0015067,"total":0.0015067,"children":null},"InitializeSensors":{"count":9,"self":0.0030174,"total":0.0030174,"children":null},"AgentSendState":{"count":15598656,"self":375.66658559999996,"total":1119.2075644,"children":{"CollectObservations":{"count":28077588,"self":52.467084799999995,"total":52.4670851,"children":null},"WriteActionMask":{"count":28077588,"self":7.047708,"total":7.0477077999999995,"children":null},"RequestDecision":{"count":28077588,"self":34.35528,"total":684.02619789999994,"children":{"AgentInfo.ToProto":{"count":28077588,"self":32.9193152,"total":649.6709168,"children":{"GenerateSensorData":{"count":28077588,"self":566.0550144,"total":616.7516015,"children":{"RayPerceptionSensor.Perceive":{"count":28077588,"self":50.6966016,"total":50.696601,"children":null}}}}}}}}},"DecideAction":{"count":15598656,"self":47137.3185024,"total":47137.317354399995,"children":null},"AgentAct":{"count":15598656,"self":690.5961472,"total":692.23099919999993,"children":{"AgentInfo.ToProto":{"count":70191,"self":0.0902859,"total":1.6348357,"children":{"GenerateSensorData":{"count":70191,"self":1.4105769,"total":1.5445498,"children":{"RayPerceptionSensor.Perceive":{"count":70191,"self":0.1339729,"total":0.1339729,"children":null}}}}}}}},"gauges":{"Hider.CumulativeReward":{"count":70191,"max":2.95567942,"min":-29.5125523,"runningAverage":-1.35847116,"value":-1.70177329,"weightedAverage":0.0578945875}},"metadata":{"timer_format_version":"0.1.0","start_time_seconds":"1754806957","unity_version":"6000.1.12f1","command_line_arguments":"C:\\Program Files\\Unity\\Hub\\Editor\\6000.1.12f1\\Editor\\Unity.exe -projectpath C:\\Users\\user\\Documents\\GitHub\\The-Zoo -useHub -hubIPC -cloudEnvironment production -licensingIpc LicenseClient-user -hubSessionId 632f67c0-267d-4686-9517-64012104b504 -accessToken iFKg4Mwwj4X8ajtCsW6esiuEQJp_8sHuiJwC6RyFfiE00df","communication_protocol_version":"1.5.0","com.unity.ml-agents_version":"2.0.1","scene_name":"AiLearn","end_time_seconds":"1754866364"}}