{"count":1,"self":204.3853824,"total":686.5816073,"children":{"InitializeActuators":{"count":10,"self":0.0009976,"total":0.0009976,"children":null},"InitializeSensors":{"count":10,"self":0.0035445999999999997,"total":0.0035445999999999997,"children":null},"AgentSendState":{"count":131617,"self":8.814916,"total":20.6196362,"children":{"CollectObservations":{"count":263240,"self":0.5068066,"total":0.5068066,"children":null},"WriteActionMask":{"count":263240,"self":0.1016924,"total":0.1016924,"children":null},"RequestDecision":{"count":263240,"self":0.38540199999999997,"total":11.196221099999999,"children":{"AgentInfo.ToProto":{"count":263240,"self":0.47814209999999996,"total":10.8108191,"children":{"GenerateSensorData":{"count":263240,"self":9.356976,"total":10.332677,"children":{"RayPerceptionSensor.Perceive":{"count":263240,"self":0.9757009,"total":0.9757009,"children":null}}}}}}}}},"DecideAction":{"count":131617,"self":456.60672,"total":456.60674459999996,"children":null},"AgentAct":{"count":131617,"self":4.9201239999999995,"total":4.9632485,"children":{"AgentInfo.ToProto":{"count":641,"self":0.0065762,"total":0.0431244,"children":{"GenerateSensorData":{"count":641,"self":0.028936,"total":0.036548199999999996,"children":{"RayPerceptionSensor.Perceive":{"count":641,"self":0.0076121999999999995,"total":0.0076121999999999995,"children":null}}}}}}},"AgentInfo.ToProto":{"count":31,"self":0,"total":0.0010035999999999999,"children":{"GenerateSensorData":{"count":31,"self":0.0010035999999999999,"total":0.0010035999999999999,"children":{"RayPerceptionSensor.Perceive":{"count":31,"self":0,"total":0,"children":null}}}}}},"gauges":{"Hider.CumulativeReward":{"count":672,"max":2.05585861,"min":-30.253252,"runningAverage":-5.41162,"value":-0.203593731,"weightedAverage":-7.31033}},"metadata":{"timer_format_version":"0.1.0","start_time_seconds":"1755765050","unity_version":"6000.1.12f1","command_line_arguments":"C:\\Program Files\\Unity\\Hub\\Editor\\6000.1.12f1\\Editor\\Unity.exe -projectpath C:\\Users\\mj\\Documents\\Github\\The Zoo -useHub -hubIPC -cloudEnvironment production -licensingIpc LicenseClient-mj -hubSessionId a0ee9584-5930-4945-b767-0920c9bb86b4 -accessToken p7p9rJUhZa7cF64ni_YtK2HN6PbZGRL17crGok12XqY00df","communication_protocol_version":"1.5.0","com.unity.ml-agents_version":"2.0.1","scene_name":"AiLearn","end_time_seconds":"1755765737"}}