{"count":1,"self":4494.542848,"total":8610.3701984,"children":{"InitializeActuators":{"count":1,"self":0.0025266999999999998,"total":0.0025266999999999998,"children":null},"InitializeSensors":{"count":1,"self":0.0030399999999999997,"total":0.0030399999999999997,"children":null},"AgentSendState":{"count":2156018,"self":13.9766816,"total":34.9907855,"children":{"CollectObservations":{"count":431204,"self":1.9322815999999998,"total":1.9322816999999999,"children":null},"WriteActionMask":{"count":431204,"self":0.3674672,"total":0.3674672,"children":null},"RequestDecision":{"count":431204,"self":1.759112,"total":18.7143543,"children":{"AgentInfo.ToProto":{"count":431204,"self":1.9283962,"total":16.9552423,"children":{"GenerateSensorData":{"count":431204,"self":13.9392368,"total":15.0268461,"children":{"RayPerceptionSensor.Perceive":{"count":431204,"self":1.0876086999999999,"total":1.0876086999999999,"children":null}}}}}}}}},"DecideAction":{"count":2156018,"self":3616.0712704,"total":3616.0713601999996,"children":null},"AgentAct":{"count":2156018,"self":464.71833599999997,"total":464.74560879999996,"children":{"AgentInfo.ToProto":{"count":931,"self":0.0025023,"total":0.0272917,"children":{"GenerateSensorData":{"count":931,"self":0.022282399999999997,"total":0.0247894,"children":{"RayPerceptionSensor.Perceive":{"count":931,"self":0.0025069999999999997,"total":0.0025069999999999997,"children":null}}}}}}},"AgentInfo.ToProto":{"count":319,"self":0,"total":0.013929599999999999,"children":{"GenerateSensorData":{"count":319,"self":0.0119039,"total":0.013929599999999999,"children":{"RayPerceptionSensor.Perceive":{"count":319,"self":0.0020257,"total":0.0020257,"children":null}}}}}},"gauges":{"Hider.CumulativeReward":{"count":1250,"max":1.82506752,"min":-7.0797596,"runningAverage":-1.75438738,"value":-1.47632706,"weightedAverage":-0.9634217}},"metadata":{"timer_format_version":"0.1.0","start_time_seconds":"1754356981","unity_version":"6000.1.12f1","command_line_arguments":"C:\\Program Files\\Unity\\Hub\\Editor\\6000.1.12f1\\Editor\\Unity.exe -projectpath C:\\Users\\mj\\Documents\\Github\\The Zoo -useHub -hubIPC -cloudEnvironment production -licensingIpc LicenseClient-mj -hubSessionId f7897ea0-5615-492b-b96c-372f4d4f098c -accessToken EH3vF8Wu2DWKpClyOmb9MeVK8JlMuoQItbJoy9D5qjY00df","communication_protocol_version":"1.5.0","com.unity.ml-agents_version":"2.0.1","scene_name":"AiLearn","end_time_seconds":"1754365592"}}