{"count":1,"self":830.8677632,"total":3373.7727099999997,"children":{"InitializeActuators":{"count":1,"self":0.0014902,"total":0.0014902,"children":null},"InitializeSensors":{"count":1,"self":0.0010012,"total":0.0010012,"children":null},"AgentSendState":{"count":1234851,"self":1.821116,"total":6.3113072999999993,"children":{"CollectObservations":{"count":246971,"self":0.292672,"total":0.292672,"children":null},"WriteActionMask":{"count":246971,"self":0.1682395,"total":0.1682395,"children":null},"RequestDecision":{"count":246971,"self":0.9447991,"total":4.0292799,"children":{"AgentInfo.ToProto":{"count":246971,"self":1.0920539,"total":3.0844807999999997,"children":{"GenerateSensorData":{"count":246971,"self":1.9924267999999998,"total":1.9924269,"children":null}}}}}}},"DecideAction":{"count":1234851,"self":2526.3550464,"total":2526.3550926,"children":null},"AgentAct":{"count":1234851,"self":10.205980799999999,"total":10.210526699999999,"children":{"AgentInfo.ToProto":{"count":572,"self":0.0020283,"total":0.0045461,"children":{"GenerateSensorData":{"count":572,"self":0.0025177999999999997,"total":0.0025177999999999997,"children":null}}}}},"AgentInfo.ToProto":{"count":2103,"self":0.010951899999999999,"total":0.0255214,"children":{"GenerateSensorData":{"count":2103,"self":0.014569499999999999,"total":0.014569499999999999,"children":null}}}},"gauges":{"HiderAgent.CumulativeReward":{"count":2675,"max":1.761497,"min":-0.9999907,"runningAverage":0.1582435,"value":0.7967391,"weightedAverage":0.6864693}},"metadata":{"timer_format_version":"0.1.0","start_time_seconds":"1748968351","unity_version":"6000.1.4f1","command_line_arguments":"C:\\Program Files\\Unity\\Hub\\Editor\\6000.1.4f1\\Editor\\Unity.exe -projectpath C:\\Users\\user\\Documents\\GitHub\\The-Zoo -useHub -hubIPC -cloudEnvironment production","communication_protocol_version":"1.5.0","com.unity.ml-agents_version":"3.0.0","scene_name":"AiLearn","end_time_seconds":"1748971724"}}