{"count":1,"self":13793.207910399999,"total":35176.5543684,"children":{"InitializeActuators":{"count":1,"self":0.0009999,"total":0.0009999,"children":null},"InitializeSensors":{"count":1,"self":0.0030028,"total":0.0030028,"children":null},"AgentSendState":{"count":8575437,"self":41.9559072,"total":110.3601113,"children":{"CollectObservations":{"count":1715088,"self":7.2120679999999995,"total":7.2120678,"children":null},"WriteActionMask":{"count":1715088,"self":1.3326094,"total":1.3326094,"children":null},"RequestDecision":{"count":1715088,"self":6.1133956,"total":59.859527899999996,"children":{"AgentInfo.ToProto":{"count":1715088,"self":7.1659831999999994,"total":53.7461324,"children":{"GenerateSensorData":{"count":1715088,"self":42.543552,"total":46.5801489,"children":{"RayPerceptionSensor.Perceive":{"count":1715088,"self":4.0365959999999994,"total":4.0365959,"children":null}}}}}}}}},"DecideAction":{"count":8575437,"self":18892.218367999998,"total":18892.218490799998,"children":null},"AgentAct":{"count":8575437,"self":2380.4895232,"total":2380.7629005,"children":{"AgentInfo.ToProto":{"count":8575,"self":0.0447918,"total":0.2734003,"children":{"GenerateSensorData":{"count":8575,"self":0.21199379999999998,"total":0.2286085,"children":{"RayPerceptionSensor.Perceive":{"count":8575,"self":0.0166147,"total":0.0166147,"children":null}}}}}}}},"gauges":{"Hider.CumulativeReward":{"count":8575,"max":2.81194162,"min":-8.268926,"runningAverage":0.69934994,"value":1.69375575,"weightedAverage":2.04562449}},"metadata":{"timer_format_version":"0.1.0","start_time_seconds":"1754313912","unity_version":"6000.1.12f1","command_line_arguments":"C:\\Program Files\\Unity\\Hub\\Editor\\6000.1.12f1\\Editor\\Unity.exe -projectpath C:\\Users\\user\\Documents\\GitHub\\The-Zoo -useHub -hubIPC -cloudEnvironment production -licensingIpc LicenseClient-user -hubSessionId c639824e-8277-4fd0-9c4e-1c22cffb8cf2 -accessToken 1d5Gl0C0Cpuegu32U_xGEGWuP2xKYp9-2uh3LlIJEII00df","communication_protocol_version":"1.5.0","com.unity.ml-agents_version":"2.0.1","scene_name":"AiLearn","end_time_seconds":"1754349088"}}