{"count":1,"self":2460.8364544,"total":12767.7197597,"children":{"InitializeActuators":{"count":9,"self":0.0020948,"total":0.0020948,"children":null},"InitializeSensors":{"count":9,"self":0.0035596,"total":0.0035596,"children":null},"AgentSendState":{"count":4127869,"self":165.0407424,"total":381.9679159,"children":{"CollectObservations":{"count":7430166,"self":7.9695535999999993,"total":7.9695538999999993,"children":null},"WriteActionMask":{"count":7430166,"self":1.8118531999999998,"total":1.8118531999999998,"children":null},"RequestDecision":{"count":7430166,"self":9.6102688,"total":207.14576879999998,"children":{"AgentInfo.ToProto":{"count":7430166,"self":9.153236,"total":197.53549999999998,"children":{"GenerateSensorData":{"count":7430166,"self":168.9049856,"total":188.3822641,"children":{"RayPerceptionSensor.Perceive":{"count":7430166,"self":19.477281599999998,"total":19.4772811,"children":null}}}}}}}}},"DecideAction":{"count":4127869,"self":9818.3438336,"total":9818.3437345,"children":null},"AgentAct":{"count":4127869,"self":104.2131136,"total":105.14656959999999,"children":{"AgentInfo.ToProto":{"count":22740,"self":0.0909135,"total":0.9334587,"children":{"GenerateSensorData":{"count":22740,"self":0.75134539999999994,"total":0.8425452,"children":{"RayPerceptionSensor.Perceive":{"count":22740,"self":0.0911998,"total":0.0911998,"children":null}}}}}}},"AgentInfo.ToProto":{"count":32096,"self":0.1850654,"total":1.4173197,"children":{"GenerateSensorData":{"count":32096,"self":1.0942862,"total":1.2322543,"children":{"RayPerceptionSensor.Perceive":{"count":32096,"self":0.13796809999999998,"total":0.13796809999999998,"children":null}}}}}},"gauges":{"Hider.CumulativeReward":{"count":54836,"max":1.99399734,"min":-1.87240279,"runningAverage":0.313749,"value":-0.161056638,"weightedAverage":0.34958297}},"metadata":{"timer_format_version":"0.1.0","start_time_seconds":"1755783688","unity_version":"6000.1.12f1","command_line_arguments":"C:\\Program Files\\Unity\\Hub\\Editor\\6000.1.12f1\\Editor\\Unity.exe -projectpath C:\\Users\\user\\Documents\\GitHub\\The-Zoo -useHub -hubIPC -cloudEnvironment production -licensingIpc LicenseClient-user -hubSessionId a687a107-6684-4343-b254-beea2f161546 -accessToken RVp84fG-YrZGxAOiKt4d8sYZfSLfO5FLqGPju3IJqhg00df","communication_protocol_version":"1.5.0","com.unity.ml-agents_version":"2.0.1","scene_name":"AiLearn","end_time_seconds":"1755796456"}}