{"count":1,"self":133.140928,"total":542.7488837,"children":{"InitializeActuators":{"count":9,"self":0.00274,"total":0.00274,"children":null},"InitializeSensors":{"count":9,"self":0.0045106,"total":0.0045106,"children":null},"AgentSendState":{"count":122234,"self":4.7275168,"total":12.8616276,"children":{"CollectObservations":{"count":220023,"self":0.5273156,"total":0.5273156,"children":null},"WriteActionMask":{"count":220023,"self":0.09232449999999999,"total":0.09232449999999999,"children":null},"RequestDecision":{"count":220023,"self":0.33878379999999997,"total":7.5144705,"children":{"AgentInfo.ToProto":{"count":220023,"self":0.37642719999999996,"total":7.1756867,"children":{"GenerateSensorData":{"count":220023,"self":6.3082151999999994,"total":6.7992595,"children":{"RayPerceptionSensor.Perceive":{"count":220023,"self":0.4910445,"total":0.4910445,"children":null}}}}}}}}},"DecideAction":{"count":122234,"self":389.08817919999996,"total":389.0881697,"children":null},"AgentAct":{"count":122234,"self":7.6341703999999995,"total":7.6509022,"children":{"AgentInfo.ToProto":{"count":549,"self":0.0015279,"total":0.0167315,"children":{"GenerateSensorData":{"count":549,"self":0.0136978,"total":0.0152036,"children":{"RayPerceptionSensor.Perceive":{"count":549,"self":0.0015057999999999998,"total":0.0015057999999999998,"children":null}}}}}}}},"gauges":{"Hider.CumulativeReward":{"count":549,"max":1.82582331,"min":-1.13947988,"runningAverage":0.664105356,"value":1.82582331,"weightedAverage":1.02616715}},"metadata":{"timer_format_version":"0.1.0","start_time_seconds":"1754473319","unity_version":"6000.1.12f1","command_line_arguments":"C:\\Program Files\\Unity\\Hub\\Editor\\6000.1.12f1\\Editor\\Unity.exe -projectpath C:\\Users\\mj\\Documents\\Github\\The Zoo -useHub -hubIPC -cloudEnvironment production -licensingIpc LicenseClient-mj -hubSessionId 2c654438-5f9f-49f6-a13d-2bcaa97232f3 -accessToken Osb4_s4S3XzS0MXCw_eyWaiMJnqRUIohB8QEV_RkbRM00df","communication_protocol_version":"1.5.0","com.unity.ml-agents_version":"2.0.1","scene_name":"AiLearn","end_time_seconds":"1754473862"}}