{"count":1,"self":66.185504,"total":67.5208919,"children":{"InitializeActuators":{"count":10,"self":0.0026414999999999998,"total":0.0026414999999999998,"children":null},"InitializeSensors":{"count":10,"self":0.0030524999999999997,"total":0.0030524999999999997,"children":null},"AgentSendState":{"count":3040,"self":0.10963819999999999,"total":0.2277102,"children":{"CollectObservations":{"count":6080,"self":0.023042399999999998,"total":0.023042399999999998,"children":null},"WriteActionMask":{"count":6080,"self":0.003029,"total":0.003029,"children":null},"RequestDecision":{"count":6080,"self":0.0813709,"total":0.0920006,"children":{"RayPerceptionSensor.Perceive":{"count":5472,"self":0.010629699999999999,"total":0.010629699999999999,"children":null}}}}},"DecideAction":{"count":3040,"self":0.84661769999999992,"total":0.8476176,"children":{"RayPerceptionSensor.Perceive":{"count":608,"self":0.0009999,"total":0.0009999,"children":null}}},"AgentAct":{"count":3040,"self":0.25336159999999996,"total":0.25336159999999996,"children":{"RayPerceptionSensor.Perceive":{"count":9,"self":0,"total":0,"children":null}}}},"gauges":{"Hider.CumulativeReward":{"count":10,"max":-0.427275181,"min":-7.095108,"runningAverage":-2.52111244,"value":-7.095108,"weightedAverage":-3.28074622}},"metadata":{"timer_format_version":"0.1.0","start_time_seconds":"1755133633","unity_version":"6000.1.12f1","command_line_arguments":"C:\\Program Files\\Unity\\Hub\\Editor\\6000.1.12f1\\Editor\\Unity.exe -projectpath C:\\Users\\user\\Documents\\GitHub\\The-Zoo -useHub -hubIPC -cloudEnvironment production -licensingIpc LicenseClient-user -hubSessionId 2a007a79-6409-44f2-9793-2a95282253df -accessToken 2syi8Sk3atazsfAulGMwp6MwkxqaMKWJAmqPDytigpU00df","communication_protocol_version":"1.5.0","com.unity.ml-agents_version":"2.0.1","scene_name":"AiLearn","end_time_seconds":"1755133700"}}