{"count":1,"self":2907.5963904,"total":7508.2475140999995,"children":{"InitializeActuators":{"count":1,"self":0.0009991,"total":0.0009991,"children":null},"InitializeSensors":{"count":1,"self":0.0030255,"total":0.0030255,"children":null},"AgentSendState":{"count":2463985,"self":12.0591192,"total":32.618215,"children":{"CollectObservations":{"count":492797,"self":1.9285375999999999,"total":1.9285375,"children":null},"WriteActionMask":{"count":492797,"self":0.38260059999999996,"total":0.38260059999999996,"children":null},"RequestDecision":{"count":492797,"self":1.9576727999999999,"total":18.2479578,"children":{"AgentInfo.ToProto":{"count":492797,"self":2.1738134,"total":16.2902849,"children":{"GenerateSensorData":{"count":492797,"self":12.9143976,"total":14.1164715,"children":{"RayPerceptionSensor.Perceive":{"count":492797,"self":1.2020735999999999,"total":1.2020735999999999,"children":null}}}}}}}}},"DecideAction":{"count":2463985,"self":4191.6227584,"total":4191.6227466,"children":null},"AgentAct":{"count":2463985,"self":376.33592319999997,"total":376.4047026,"children":{"AgentInfo.ToProto":{"count":2463,"self":0.0098850999999999991,"total":0.0687684,"children":{"GenerateSensorData":{"count":2463,"self":0.052341099999999995,"total":0.0588833,"children":{"RayPerceptionSensor.Perceive":{"count":2463,"self":0.0065422,"total":0.0065422,"children":null}}}}}}}},"gauges":{"Hider.CumulativeReward":{"count":2463,"max":2.78384042,"min":0.237818137,"runningAverage":2.356952,"value":2.473278,"weightedAverage":2.44147158}},"metadata":{"timer_format_version":"0.1.0","start_time_seconds":"1754286986","unity_version":"6000.1.12f1","command_line_arguments":"C:\\Program Files\\Unity\\Hub\\Editor\\6000.1.12f1\\Editor\\Unity.exe -projectpath C:\\Users\\mj\\Documents\\Github\\The Zoo -useHub -hubIPC -cloudEnvironment production -licensingIpc LicenseClient-mj -hubSessionId 98562372-180d-4d30-94db-5ab8db84dd18 -accessToken mKb2QaUaeelYJHDkK7lZym3qUFV8mruH1kitNBt_UtM00df","communication_protocol_version":"1.5.0","com.unity.ml-agents_version":"2.0.1","scene_name":"AiLearn","end_time_seconds":"1754294494"}}