{"count":1,"self":22.2523968,"total":23.285692299999997,"children":{"InitializeActuators":{"count":5,"self":0.0020185999999999997,"total":0.0020185999999999997,"children":null},"InitializeSensors":{"count":5,"self":0.0057665999999999993,"total":0.0057665999999999993,"children":null},"AgentSendState":{"count":935,"self":0.052388399999999995,"total":0.095731299999999991,"children":{"CollectObservations":{"count":908,"self":0.011837499999999999,"total":0.011837499999999999,"children":null},"WriteActionMask":{"count":908,"self":0.0023195,"total":0.0023195,"children":null},"RequestDecision":{"count":908,"self":0.029185899999999997,"total":0.029185899999999997,"children":null}}},"DecideAction":{"count":935,"self":0.8681654,"total":0.86917369999999994,"children":{"RayPerceptionSensor.Perceive":{"count":908,"self":0.0010083,"total":0.0010083,"children":null}}},"AgentAct":{"count":935,"self":0.0591026,"total":0.0591026,"children":null}},"gauges":{},"metadata":{"timer_format_version":"0.1.0","start_time_seconds":"1754972892","unity_version":"6000.1.12f1","command_line_arguments":"C:\\Program Files\\Unity\\Hub\\Editor\\6000.1.12f1\\Editor\\Unity.exe -projectpath C:\\Users\\user\\Projects\\Unity\\Capstone_Design\\The-Zoo -useHub -hubIPC -cloudEnvironment production -licensingIpc LicenseClient-vFGvZW29HlxpnEeLefxYv -hubSessionId 20a06db0-c624-4372-b0ce-ff303bd1c198 -accessToken QtHqawbdZRiyJbLhglZPXt-MLP6u7WdLMPQRoE3FQPU00df","communication_protocol_version":"1.5.0","com.unity.ml-agents_version":"2.0.1","scene_name":"InGame","end_time_seconds":"1754972915"}}