{"count":1,"self":281.8829568,"total":289.17960999999997,"children":{"InitializeActuators":{"count":5,"self":0.0015055,"total":0.0015055,"children":null},"InitializeSensors":{"count":5,"self":0.0060539999999999995,"total":0.0060539999999999995,"children":null},"AgentSendState":{"count":14255,"self":0.3114439,"total":0.50428169999999994,"children":{"CollectObservations":{"count":14226,"self":0.055146799999999996,"total":0.055146799999999996,"children":null},"WriteActionMask":{"count":14226,"self":0.009959899999999999,"total":0.009959899999999999,"children":null},"RequestDecision":{"count":14226,"self":0.1277311,"total":0.1277311,"children":null}}},"DecideAction":{"count":14255,"self":5.9673992,"total":6.0075669,"children":{"RayPerceptionSensor.Perceive":{"count":14226,"self":0.040167499999999995,"total":0.040167499999999995,"children":null}}},"AgentAct":{"count":14255,"self":0.7757811,"total":0.7757811,"children":null}},"gauges":{},"metadata":{"timer_format_version":"0.1.0","start_time_seconds":"1755569381","unity_version":"6000.1.12f1","command_line_arguments":"C:\\Program Files\\Unity\\Hub\\Editor\\6000.1.12f1\\Editor\\Unity.exe -projectpath C:\\Users\\mj\\Documents\\Github\\The Zoo -useHub -hubIPC -cloudEnvironment production -licensingIpc LicenseClient-mj -hubSessionId ab501215-f386-425e-96ee-3037ea755ca3 -accessToken A-bZhIgN6eXroUrJ2RzS8OZgf1ODgP53z-Ro8uN8MTQ00df","communication_protocol_version":"1.5.0","com.unity.ml-agents_version":"2.0.1","scene_name":"InGame","end_time_seconds":"1755569670"}}